{
  "0": {
    "로고": {
      "x": 27,
      "y": 18.5,
      "w": 42,
      "h": 42
    },
    "로그인 / 회원가입": {
      "x": 1191.21875,
      "y": 15.5,
      "w": 104.3125,
      "h": 48
    },
    "네비게이션 메뉴": null,
    "상단 네비게이터": null,
    "모달": {
      "x": 219,
      "y": 1155,
      "w": 682,
      "h": 58
    },
    "로그인/회원가입 진입": {
      "x": 1191.21875,
      "y": 15.5,
      "w": 104.3125,
      "h": 48
    },
    "AUNOVA": {
      "x": 107,
      "y": 3214.671875,
      "w": 187.53125,
      "h": 42
    },
    "DIGITAL GENESIS": {
      "x": 599.796875,
      "y": 605,
      "w": 240.40625,
      "h": 111
    }
  },
  "1": {
    "로고": {
      "x": 27,
      "y": 18.5,
      "w": 42,
      "h": 42
    },
    "로그인 / 회원가입": {
      "x": 1191.21875,
      "y": 15.5,
      "w": 104.3125,
      "h": 48
    },
    "네비게이션 메뉴": null,
    "상단 네비게이터": null,
    "모달": {
      "x": 219,
      "y": 1155,
      "w": 682,
      "h": 58
    },
    "로그인/회원가입 진입": {
      "x": 1191.21875,
      "y": 15.5,
      "w": 104.3125,
      "h": 48
    },
    "NOVA-3D": {
      "x": 493.984375,
      "y": 18.25,
      "w": 126.421875,
      "h": 42.5
    },
    "START": {
      "x": 625.734375,
      "y": 771,
      "w": 188.515625,
      "h": 54
    },
    "GENESIS": {
      "x": 599.796875,
      "y": 605,
      "w": 240.40625,
      "h": 111
    }
  },
  "2": {
    "로고": {
      "x": 27,
      "y": 18.5,
      "w": 42,
      "h": 42
    },
    "로그인 / 회원가입": {
      "x": 1191.21875,
      "y": 15.5,
      "w": 104.3125,
      "h": 48
    },
    "네비게이션 메뉴": null,
    "상단 네비게이터": null,
    "모달": {
      "x": -5,
      "y": -5,
      "w": 10,
      "h": 10
    },
    "로그인/회원가입 진입": {
      "x": 1191.21875,
      "y": 15.5,
      "w": 104.3125,
      "h": 48
    },
    "Lv.1": {
      "x": 31,
      "y": 95,
      "w": 65.796875,
      "h": 55
    },
    "PROJECT TITLE": {
      "x": 15,
      "y": 188,
      "w": 329,
      "h": 79
    },
    "Drag & Drop": {
      "x": 15,
      "y": 399.5,
      "w": 163.5,
      "h": 163.5
    },
    "GENERATE": {
      "x": 15,
      "y": 569,
      "w": 329,
      "h": 62
    },
    "프롬프트": {
      "x": 449,
      "y": 1795,
      "w": 395.90625,
      "h": 44
    }
  },
  "3": {
    "로고": {
      "x": 27,
      "y": 18.5,
      "w": 42,
      "h": 42
    },
    "로그인 / 회원가입": {
      "x": 1191.21875,
      "y": 15.5,
      "w": 104.3125,
      "h": 48
    },
    "네비게이션 메뉴": null,
    "상단 네비게이터": null,
    "모달": {
      "x": -5,
      "y": -5,
      "w": 10,
      "h": 10
    },
    "로그인/회원가입 진입": {
      "x": 1191.21875,
      "y": 15.5,
      "w": 104.3125,
      "h": 48
    }
  },
  "4": {
    "로고": {
      "x": 27,
      "y": 18.5,
      "w": 42,
      "h": 42
    },
    "로그인 / 회원가입": {
      "x": 1191.21875,
      "y": 15.5,
      "w": 104.3125,
      "h": 48
    },
    "네비게이션 메뉴": null,
    "상단 네비게이터": null,
    "모달": {
      "x": -5,
      "y": -5,
      "w": 10,
      "h": 10
    },
    "로그인/회원가입 진입": {
      "x": 1191.21875,
      "y": 15.5,
      "w": 104.3125,
      "h": 48
    }
  },
  "5": {
    "로고": {
      "x": 27,
      "y": 18.5,
      "w": 42,
      "h": 42
    },
    "로그인 / 회원가입": {
      "x": 1191.21875,
      "y": 15.5,
      "w": 104.3125,
      "h": 48
    },
    "네비게이션 메뉴": null,
    "상단 네비게이터": null,
    "모달": {
      "x": -5,
      "y": -5,
      "w": 10,
      "h": 10
    },
    "로그인/회원가입 진입": {
      "x": 1191.21875,
      "y": 15.5,
      "w": 104.3125,
      "h": 48
    }
  },
  "1_1": {
    "로고": {
      "x": 27,
      "y": 18.5,
      "w": 42,
      "h": 42
    },
    "로그인 / 회원가입": {
      "x": 1191.21875,
      "y": 15.5,
      "w": 104.3125,
      "h": 48
    },
    "네비게이션 메뉴": null,
    "상단 네비게이터": null,
    "모달": {
      "x": 219,
      "y": 67,
      "w": 682,
      "h": 58
    },
    "로그인/회원가입 진입": {
      "x": 1191.21875,
      "y": 15.5,
      "w": 104.3125,
      "h": 48
    },
    "LIVE": {
      "x": 610.40625,
      "y": 18.25,
      "w": 140.375,
      "h": 42.5
    },
    "GOODS": {
      "x": 740.78125,
      "y": 18.25,
      "w": 160.609375,
      "h": 42.5
    },
    "솔루션": {
      "x": 219,
      "y": 67,
      "w": 682,
      "h": 58
    }
  },
  "1_2": {
    "로고": {
      "x": 27,
      "y": 18.5,
      "w": 42,
      "h": 42
    },
    "로그인 / 회원가입": {
      "x": 1191.21875,
      "y": 15.5,
      "w": 104.3125,
      "h": 48
    },
    "네비게이션 메뉴": null,
    "상단 네비게이터": null,
    "모달": {
      "x": 219,
      "y": 67,
      "w": 682,
      "h": 58
    },
    "로그인/회원가입 진입": {
      "x": 1191.21875,
      "y": 15.5,
      "w": 104.3125,
      "h": 48
    },
    "COMMUNITY": {
      "x": 235,
      "y": 882.671875,
      "w": 970,
      "h": 38
    },
    "REVIEWS": {
      "x": 235,
      "y": 882.671875,
      "w": 970,
      "h": 38
    },
    "AUNOVA SOLUTION": {
      "x": 203,
      "y": 698.671875,
      "w": 1034,
      "h": 1293
    }
  },
  "1_3": {
    "로고": {
      "x": 27,
      "y": 18.5,
      "w": 42,
      "h": 42
    },
    "로그인 / 회원가입": {
      "x": 1191.21875,
      "y": 15.5,
      "w": 104.3125,
      "h": 48
    },
    "네비게이션 메뉴": null,
    "상단 네비게이터": null,
    "모달": {
      "x": 219,
      "y": -1392,
      "w": 682,
      "h": 58
    },
    "로그인/회원가입 진입": {
      "x": 1191.21875,
      "y": 15.5,
      "w": 104.3125,
      "h": 48
    },
    "VIDEO PLACEHOLDER": {
      "x": 219,
      "y": -67.328125,
      "w": 1002,
      "h": 568
    },
    "SERVICE": {
      "x": 538.015625,
      "y": 667.671875,
      "w": 78.46875,
      "h": 161.5
    }
  },
  "c": {
    "로고": {
      "x": 27,
      "y": 18.5,
      "w": 42,
      "h": 42
    },
    "로그인 / 회원가입": {
      "x": 1191.21875,
      "y": 15.5,
      "w": 104.3125,
      "h": 48
    },
    "네비게이션 메뉴": null,
    "상단 네비게이터": null,
    "모달": {
      "x": -5,
      "y": -5,
      "w": 10,
      "h": 10
    },
    "로그인/회원가입 진입": {
      "x": 1191.21875,
      "y": 15.5,
      "w": 104.3125,
      "h": 48
    }
  },
  "a": {
    "로고": {
      "x": 27,
      "y": 18.5,
      "w": 42,
      "h": 42
    },
    "로그인 / 회원가입": {
      "x": 1191.21875,
      "y": 15.5,
      "w": 104.3125,
      "h": 48
    },
    "네비게이션 메뉴": null,
    "상단 네비게이터": null,
    "모달": {
      "x": 219,
      "y": 1155,
      "w": 682,
      "h": 58
    },
    "로그인/회원가입 진입": {
      "x": 1191.21875,
      "y": 15.5,
      "w": 104.3125,
      "h": 48
    }
  },
  "b": {
    "로고": {
      "x": 27,
      "y": 18.5,
      "w": 42,
      "h": 42
    },
    "로그인 / 회원가입": {
      "x": 1191.21875,
      "y": 15.5,
      "w": 104.3125,
      "h": 48
    },
    "네비게이션 메뉴": null,
    "상단 네비게이터": null,
    "모달": {
      "x": 219,
      "y": 1155,
      "w": 682,
      "h": 58
    },
    "로그인/회원가입 진입": {
      "x": 1191.21875,
      "y": 15.5,
      "w": 104.3125,
      "h": 48
    }
  },
  "e": {
    "로고": {
      "x": 27,
      "y": 18.5,
      "w": 42,
      "h": 42
    },
    "로그인 / 회원가입": {
      "x": -5,
      "y": -5,
      "w": 10,
      "h": 10
    },
    "네비게이션 메뉴": null,
    "상단 네비게이터": null,
    "모달": {
      "x": 219,
      "y": 1155,
      "w": 682,
      "h": 58
    },
    "로그인/회원가입 진입": {
      "x": -5,
      "y": -5,
      "w": 10,
      "h": 10
    },
    "MY PAGE": {
      "x": 1168.828125,
      "y": 15.5,
      "w": 122.625,
      "h": 48
    }
  },
  "Admin_Factory": {
    "로고": {
      "x": 27,
      "y": 18.5,
      "w": 42,
      "h": 42
    },
    "로그인 / 회원가입": {
      "x": -5,
      "y": -5,
      "w": 10,
      "h": 10
    },
    "네비게이션 메뉴": null,
    "상단 네비게이터": null,
    "모달": {
      "x": -5,
      "y": -5,
      "w": 10,
      "h": 10
    },
    "로그인/회원가입 진입": {
      "x": -5,
      "y": -5,
      "w": 10,
      "h": 10
    }
  },
  "Admin_Lab": {
    "로고": {
      "x": 27,
      "y": 18.5,
      "w": 42,
      "h": 42
    },
    "로그인 / 회원가입": {
      "x": -5,
      "y": -5,
      "w": 10,
      "h": 10
    },
    "네비게이션 메뉴": null,
    "상단 네비게이터": null,
    "모달": {
      "x": -5,
      "y": -5,
      "w": 10,