{
  "0": {
    "로고": {
      "x": 32,
      "y": 23.5,
      "w": 32,
      "h": 32
    },
    "로그인 / 회원가입": {
      "x": 1196.21875,
      "y": 20.5,
      "w": 94.3125,
      "h": 38
    },
    "네비게이션 메뉴": null,
    "상단 네비게이터": null,
    "모달": {
      "x": 0,
      "y": 0,
      "w": 0,
      "h": 0
    },
    "로그인/회원가입 진입": {
      "x": 1196.21875,
      "y": 20.5,
      "w": 94.3125,
      "h": 38
    },
    "AUNOVA": {
      "x": 1202.359375,
      "y": 3263.171875,
      "w": 125.640625,
      "h": 18
    },
    "DIGITAL GENESIS": {
      "x": 609.03125,
      "y": 691,
      "w": 221.9375,
      "h": 20
    }
  },
  "1": {
    "로고": {
      "x": 32,
      "y": 23.5,
      "w": 32,
      "h": 32
    },
    "로그인 / 회원가입": {
      "x": 1196.21875,
      "y": 20.5,
      "w": 94.3125,
      "h": 38
    },
    "네비게이션 메뉴": null,
    "상단 네비게이터": null,
    "모달": {
      "x": 0,
      "y": 0,
      "w": 0,
      "h": 0
    },
    "로그인/회원가입 진입": {
      "x": 1196.21875,
      "y": 20.5,
      "w": 94.3125,
      "h": 38
    },
    "START": {
      "x": 630.734375,
      "y": 776,
      "w": 178.515625,
      "h": 44
    },
    "NOVA-3D": {
      "x": 498.984375,
      "y": 23.25,
      "w": 116.421875,
      "h": 32.5
    }
  },
  "2": {
    "로고": {
      "x": 32,
      "y": 23.5,
      "w": 32,
      "h": 32
    },
    "로그인 / 회원가입": {
      "x": 1196.21875,
      "y": 20.5,
      "w": 94.3125,
      "h": 38
    },
    "네비게이션 메뉴": null,
    "상단 네비게이터": null,
    "모달": {
      "x": 0,
      "y": 0,
      "w": 0,
      "h": 0
    },
    "로그인/회원가입 진입": {
      "x": 1196.21875,
      "y": 20.5,
      "w": 94.3125,
      "h": 38
    },
    "Lv.1": {
      "x": 55.0625,
      "y": 109,
      "w": 17.671875,
      "h": 15
    }
  },
  "3": {
    "로고": {
      "x": 32,
      "y": 23.5,
      "w": 32,
      "h": 32
    },
    "로그인 / 회원가입": {
      "x": 1196.21875,
      "y": 20.5,
      "w": 94.3125,
      "h": 38
    },
    "네비게이션 메뉴": null,
    "상단 네비게이터": null,
    "모달": {
      "x": 0,
      "y": 0,
      "w": 0,
      "h": 0
    },
    "로그인/회원가입 진입": {
      "x": 1196.21875,
      "y": 20.5,
      "w": 94.3125,
      "h": 38
    }
  },
  "4": {
    "로고": {
      "x": 32,
      "y": 23.5,
      "w": 32,
      "h": 32
    },
    "로그인 / 회원가입": {
      "x": 1196.21875,
      "y": 20.5,
      "w": 94.3125,
      "h": 38
    },
    "네비게이션 메뉴": null,
    "상단 네비게이터": null,
    "모달": {
      "x": 0,
      "y": 0,
      "w": 0,
      "h": 0
    },
    "로그인/회원가입 진입": {
      "x": 1196.21875,
      "y": 20.5,
      "w": 94.3125,
      "h": 38
    }
  },
  "1_1": {
    "로고": {
      "x": 32,
      "y": 23.5,
      "w": 32,
      "h": 32
    },
    "로그인 / 회원가입": {
      "x": 1196.21875,
      "y": 20.5,
      "w": 94.3125,
      "h": 38
    },
    "네비게이션 메뉴": null,
    "상단 네비게이터": null,
    "모달": {
      "x": 0,
      "y": 0,
      "w": 0,
      "h": 0
    },
    "로그인/회원가입 진입": {
      "x": 1196.21875,
      "y": 20.5,
      "w": 94.3125,
      "h": 38
    },
    "LIVE": {
      "x": 615.40625,
      "y": 23.25,
      "w": 130.375,
      "h": 32.5
    },
    "GOODS": {
      "x": 745.78125,
      "y": 23.25,
      "w": 150.609375,
      "h": 32.5
    }
  },
  "1_2": {
    "로고": {
      "x": 32,
      "y": 23.5,
      "w": 32,
      "h": 32
    },
    "로그인 / 회원가입": {
      "x": 1196.21875,
      "y": 20.5,
      "w": 94.3125,
      "h": 38
    },
    "네비게이션 메뉴": null,
    "상단 네비게이터": null,
    "모달": {
      "x": 0,
      "y": 0,
      "w": 0,
      "h": 0
    },
    "로그인/회원가입 진입": {
      "x": 1196.21875,
      "y": 20.5,
      "w": 94.3125,
      "h": 38
    },
    "COMMUNITY": {
      "x": 240,
      "y": 175.671875,
      "w": 279.0625,
      "h": 28
    },
    "REVIEWS": {
      "x": 240,
      "y": 175.671875,
      "w": 279.0625,
      "h": 28
    },
    "AUNOVA SOLUTION": {
      "x": 224,
      "y": 23.671875,
      "w": 992,
      "h": 24
    }
  },
  "1_3": {
    "로고": {
      "x": 32,
      "y": 23.5,
      "w": 32,
      "h": 32
    },
    "로그인 / 회원가입": {
      "x": 1196.21875,
      "y": 20.5,
      "w": 94.3125,
      "h": 38
    },
    "네비게이션 메뉴": null,
    "상단 네비게이터": null,
    "모달": {
      "x": 0,
      "y": 0,
      "w": 0,
      "h": 0
    },
    "로그인/회원가입 진입": {
      "x": 1196.21875,
      "y": 20.5,
      "w": 94.3125,
      "h": 38
    },
    "회사 정보": {
      "x": 0,
      "y": 607.671875,
      "w": 1440,
      "h": 292.5
    },
    "푸터": {
      "x": 0,
      "y": 607.671875,
      "w": 1440,
      "h": 292.5
    }
  },
  "c": {
    "로고": {
      "x": 32,
      "y": 23.5,
      "w": 32,
      "h": 32
    },
    "로그인 / 회원가입": {
      "x": 1196.21875,
      "y": 20.5,
      "w": 94.3125,
      "h": 38
    },
    "네비게이션 메뉴": null,
    "상단 네비게이터": null,
    "모달": {
      "x": 0,
      "y": 0,
      "w": 0,
      "h": 0
    },
    "로그인/회원가입 진입": {
      "x": 1196.21875,
      "y": 20.5,
      "w": 94.3125,
      "h": 38
    }
  },
  "a": {
    "로고": {
      "x": 32,
      "y": 23.5,
      "w": 32,
      "h": 32
    },
    "로그인 / 회원가입": {
      "x": 1196.21875,
      "y": 20.5,
      "w": 94.3125,
      "h": 38
    },
    "네비게이션 메뉴": null,
    "상단 네비게이터": null,
    "모달": {
      "x": 0,
      "y": 0,
      "w": 0,
      "h": 0
    },
    "로그인/회원가입 진입": {
      "x": 1196.21875,
      "y": 20.5,
      "w": 94.3125,
      "h": 38
    },
    "입력 폼": {
      "x": 576,
      "y": 611.5,
      "w": 288,
      "h": 60
    }
  },
  "b": {
    "로고": {
      "x": 32,
      "y": 23.5,
      "w": 32,
      "h": 32
    },
    "로그인 / 회원가입": {
      "x": 1196.21875,
      "y": 20.5,
      "w": 94.3125,
      "h": 38
    },
    "네비게이션 메뉴": null,
    "상단 네비게이터": null,
    "모달": {
      "x": 0,
      "y": 0,
      "w": 0,
      "h": 0
    },
    "로그인/회원가입 진입": {
      "x": 1196.21875,
      "y": 20.5,
      "w": 94.3125,
      "h": 38
    }
  },
  "e": {
    "로고": {
      "x": 32,
      "y": 23.5,
      "w": 32,
      "h": 32
    },
    "로그인 / 회원가입": {
      "x": 0,
      "y": 0,
      "w": 0,
      "h": 0
    },
    "네비게이션 메뉴": null,
    "상단 네비게이터": null,
    "모달": {
      "x": 0,
      "y": 0,
      "w": 0,
      "h": 0
    },
    "로그인/회원가입 진입": {
      "x": 0,
      "y": 0,
      "w": 0,
      "h": 0
    },
    "MY PAGE": {
      "x": 1173.828125,
      "y": 20.5,
      "w": 112.625,
      "h": 38
    },
    "새로고침": {
      "x": 32,
      "y": 23.5,
      "w": 32,
      "h": 32
    }
  },
  "Admin_Factory": {
    "로고": {
      "x": 32,
      "y": 23.5,
      "w": 32,
      "h": 32
    },
    "로그인 / 회원가입": {
      "x": 0,
      "y": 0,
      "w": 0,
      "h": 0
    },
    "네비게이션 메뉴": null,
    "상단 네비게이터": null,
    "모달": {
      "x": 0,
      "y": 0,
      "w": 0,
      "h": 0
    },
    "로그인/회원가입 진입": {
      "x": 0,
      "y": 0,
      "w": 0,
      "h": 0
    }
  },
  "Admin_Lab": {
    "로고": {
      "x": 32,
      "y": 23.5,
      "w": 32,
      "h": 32
    },
    "로그인 / 회원가입": {
      "x": 0,
      "y": 0,
      "w": 0,
      "h": 0
    },
    "네비게이션 메뉴": null,
    "상단 네비게이터": null,
    "모달": {
      "x": 0,
      "y": 0,
      "w": 0,
      "h": 0
    },
    "로그인/회원가입 진입": {
      "x": 0,
      "y": 0,
      "w": 0,
      "h": 0
    }
  }
}