{
  "0": {
    "로고 이미지": {
      "x": 566,
      "y": 601.5,
      "w": 308,
      "h": 80
    },
    "로그인 / 회원가입": {
      "x": 1186.21875,
      "y": 10.5,
      "w": 114.3125,
      "h": 58
    },
    "네비게이션 메뉴": null,
    "상단 네비게이터": null,
    "모달": {
      "x": 214,
      "y": 1150,
      "w": 692,
      "h": 771.671875
    },
    "전체 모달": {
      "x": 214,
      "y": 1150,
      "w": 692,
      "h": 771.671875
    },
    "안내 영역": {
      "x": 214,
      "y": 1150,
      "w": 692,
      "h": 771.671875
    },
    "없음": {
      "x": 214,
      "y": 1150,
      "w": 692,
      "h": 771.671875
    },
    "전체상": {
      "x": 214,
      "y": 1150,
      "w": 692,
      "h": 771.671875
    },
    "설명": {
      "x": 567.328125,
      "y": 702.5,
      "w": 305.34375,
      "h": 48
    }
  },
  "1": {
    "로고 이미지": null,
    "로그인 / 회원가입": {
      "x": 1186.21875,
      "y": 10.5,
      "w": 114.3125,
      "h": 58
    },
    "네비게이션 메뉴": null,
    "상단 네비게이터": null,
    "모달": {
      "x": 214,
      "y": 1150,
      "w": 692,
      "h": 771.671875
    },
    "전체 모달": {
      "x": 214,
      "y": 1150,
      "w": 692,
      "h": 771.671875
    },
    "안내 영역": {
      "x": 214,
      "y": 1150,
      "w": 692,
      "h": 771.671875
    },
    "없음": {
      "x": 214,
      "y": 1150,
      "w": 692,
      "h": 771.671875
    },
    "전체상": {
      "x": 214,
      "y": 1150,
      "w": 692,
      "h": 771.671875
    },
    "NOVA-3D": {
      "x": 488.984375,
      "y": 13.25,
      "w": 136.421875,
      "h": 52.5
    },
    "3D PRINTING": {
      "x": 102,
      "y": 3265.671875,
      "w": 197.53125,
      "h": 59
    },
    "GENESIS": {
      "x": 620.734375,
      "y": 766,
      "w": 198.515625,
      "h": 64
    }
  },
  "2": {
    "로고 이미지": null,
    "로그인 / 회원가입": {
      "x": 1186.21875,
      "y": 10.5,
      "w": 114.3125,
      "h": 58
    },
    "네비게이션 메뉴": null,
    "상단 네비게이터": null,
    "모달": null,
    "전체 모달": null,
    "안내 영역": null,
    "없음": null,
    "전체상": null,
    "난이도": {
      "x": 45.0625,
      "y": 99,
      "w": 37.671875,
      "h": 35
    },
    "프로젝트명": {
      "x": 10,
      "y": 183,
      "w": 339,
      "h": 35
    },
    "프롬프트": {
      "x": 10,
      "y": 291,
      "w": 339,
      "h": 331
    },
    "드롭존": {
      "x": 46.6875,
      "y": 724.25,
      "w": 100.109375,
      "h": 36
    },
    "썸네일": {
      "x": 175.5,
      "y": 618,
      "w": 173.5,
      "h": 33.5
    },
    "GENERATE": {
      "x": 10,
      "y": 809,
      "w": 339,
      "h": 72
    }
  },
  "3": {
    "로고 이미지": null,
    "로그인 / 회원가입": {
      "x": 1186.21875,
      "y": 10.5,
      "w": 114.3125,
      "h": 58
    },
    "네비게이션 메뉴": null,
    "상단 네비게이터": null,
    "모달": null,
    "전체 모달": null,
    "안내 영역": null,
    "없음": null,
    "전체상": null,
    "상태 표시": {
      "x": -10,
      "y": -10,
      "w": 20,
      "h": 20
    }
  },
  "4": {
    "로고 이미지": null,
    "로그인 / 회원가입": {
      "x": 1186.21875,
      "y": 10.5,
      "w": 114.3125,
      "h": 58
    },
    "네비게이션 메뉴": null,
    "상단 네비게이터": null,
    "모달": null,
    "전체 모달": null,
    "안내 영역": null,
    "없음": null,
    "전체상": null,
    "스타일 선택": {
      "x": -10,
      "y": -10,
      "w": 20,
      "h": 20
    },
    "컬러 팔레트": {
      "x": -10,
      "y": -10,
      "w": 20,
      "h": 20
    },
    "추출 메뉴": {
      "x": -10,
      "y": -10,
      "w": 20,
      "h": 20
    },
    "EXPORT": {
      "x": -10,
      "y": -10,
      "w": 20,
      "h": 20
    }
  },
  "5": {
    "로고 이미지": null,
    "로그인 / 회원가입": {
      "x": 1186.21875,
      "y": 10.5,
      "w": 114.3125,
      "h": 58
    },
    "네비게이션 메뉴": null,
    "상단 네비게이터": null,
    "모달": null,
    "전체 모달": null,
    "안내 영역": null,
    "없음": null,
    "전체상": null,
    "마무리 안내": {
      "x": -10,
      "y": -10,
      "w": 20,
      "h": 20
    }
  },
  "1_1": {
    "로고 이미지": null,
    "로그인 / 회원가입": {
      "x": 1186.21875,
      "y": 10.5,
      "w": 114.3125,
      "h": 58
    },
    "네비게이션 메뉴": null,
    "상단 네비게이터": null,
    "모달": {
      "x": 214,
      "y": 62,
      "w": 692,
      "h": 771.671875
    },
    "전체 모달": {
      "x": 214,
      "y": 62,
      "w": 692,
      "h": 771.671875
    },
    "안내 영역": {
      "x": 214,
      "y": 62,
      "w": 692,
      "h": 771.671875
    },
    "없음": {
      "x": 214,
      "y": 62,
      "w": 692,
      "h": 771.671875
    },
    "전체상": {
      "x": 214,
      "y": 62,
      "w": 692,
      "h": 771.671875
    },
    "기능 카드": {
      "x": 214,
      "y": 158,
      "w": 1012,
      "h": 483.671875
    },
    "상세 설명": {
      "x": 239,
      "y": 215,
      "w": 961.984375,
      "h": 401.671875
    }
  },
  "1_2": {
    "로고 이미지": null,
    "로그인 / 회원가입": {
      "x": 1186.21875,
      "y": 10.5,
      "w": 114.3125,
      "h": 58
    },
    "네비게이션 메뉴": null,
    "상단 네비게이터": null,
    "모달": {
      "x": 214,
      "y": -1397,
      "w": 692,
      "h": 1407
    },
    "전체 모달": {
      "x": 214,
      "y": -1397,
      "w": 692,
      "h": 1407
    },
    "안내 영역": {
      "x": 214,
      "y": -1397,
      "w": 692,
      "h": 1407
    },
    "없음": {
      "x": 214,
      "y": -1397,
      "w": 692,
      "h": 1407
    },
    "전체상": {
      "x": 214,
      "y": -1397,
      "w": 692,
      "h": 1407
    },
    "커뮤니티": {
      "x": 230,
      "y": -581.328125,
      "w": 299.0625,
      "h": 48
    },
    "비디오": {
      "x": 247,
      "y": 440.671875,
      "w": 219.046875,
      "h": 40
    },
    "푸터": {
      "x": 533.015625,
      "y": 662.671875,
      "w": 88.46875,
      "h": 39.5
    },
    "하단": {
      "x": -10,
      "y": 597.671875,
      "w": 1460,
      "h": 312.5
    }
  },
  "c": {
    "로고 이미지": null,
    "로그인 / 회원가입": {
      "x": 1186.21875,
      "y": 10.5,
      "w": 114.3125,
      "h": 58
    },
    "네비게이션 메뉴": null,
    "상단 네비게이터": null,
    "모달": null,
    "전체 모달": null,
    "안내 영역": null,
    "없음": null,
    "전체상": null,
    "취소": {
      "x": -10,
      "y": -10,
      "w": 20,
      "h": 20
    }
  },
  "a": {
    "로고 이미지": null,
    "로그인 / 회원가입": {
      "x": 1186.21875,
      "y": 10.5,
      "w": 114.3125,
      "h": 58
    },
    "네비게이션 메뉴": null,
    "상단 네비게이터": null,
    "모달": {
      "x": 214,
      "y": 1150,
      "w": 692,
      "h": 771.671875
    },
    "전체 모달": {
      "x": 214,
      "y": 1150,
      "w": 692,
      "h": 771.671875
    },
    "안내 영역": {
      "x": 214,
      "y": 1150,
      "w": 692,
      "h": 771.671875
    },
    "없음": {
      "x": 214,
      "y": 1150,
      "w": 692,
      "h": 771.671875
    },
    "전체상": {
      "x": 214,
      "y": 1150,
      "w": 692,
      "h": 771.671875
    },
    "CONNECT": {
      "x": 1292.53125,
      "y": 11.5,
      "w": 125.46875,
      "h": 56
    }
  },
  "b": {
    "로고 이미지": null,
    "로그인 / 회원가입": {
      "x": 1186.21875,
      "y": 10.5,
      "w": 114.3125,
      "h": 58
    },
    "네비게이션 메뉴": null,
    "상단 네비게이터": null,
    "모달": {
      "x": 214,
      "y": 1150,
      "w": 692,
      "h": 771.671875
    },
    "전체 모달": {
      "x": 214,
      "y": 1150,
      "w": 692,
      "h": 771.671875
    },
    "안내 영역": {
      "x": 214,
      "y": 1150,
      "w": 692,
      "h": 771.671875
    },
    "없음": {
      "x": 214,
      "y": 1150,
      "w": 692,
      "h": 771.671875
    },
    "전체상": {
      "x": 214,
      "y": 1150,
      "w": 692,
      "h": 771.671875
    },
    "결제 수단": {
      "x": -10,
      "y": -10,
      "w": 20,
      "h": 20
    }
  },
  "d": {
    "로고 이미지": null,
    "로그인 / 회원가입": {
      "x": 1186.21875,
      "y": 10.5,
      "w": 114.3125,
      "h": 58
    },
    "네비게이션 메뉴": null,
    "상단 네비게이터": null,
    "모달": null,
    "전체 모달": null,
    "안내 영역": null,
    "없음": null,
    "전체상": null,
    "승인": {
      "x": 1292.53125,
      "y": 11.5,
      "w": 125.46875,
      "h": 56
    },
    "결제 확인": {
      "x": 1292.53125,
      "y": 11.5,
      "w": 125.46875,
      "h": 56
    },
    "취소": {
      "x": -10,
      "y": -10,
      "w": 20,
      "h": 20
    }
  },